step,rank,row,source_index
1,0,1394,1394
1,0,1990,1990
1,0,1498,1498
1,0,75,75
1,0,1622,1622
1,0,142,142
1,0,83,83
1,0,986,986
1,0,1344,1344
1,0,108,108
1,0,549,549
1,0,2237,2237
1,0,1690,1690
1,0,1174,1174
1,0,417,417
1,0,1731,1731
1,0,1912,1912
1,0,489,489
1,0,50,50
1,0,2092,2092
1,0,952,952
1,0,780,780
1,0,1368,1368
1,0,313,313
1,0,900,900
1,0,1506,1506
1,0,2020,2020
1,0,548,548
1,0,1942,1942
1,0,1545,1545
1,0,1221,1221
1,0,1483,1483
2,0,1268,1268
2,0,569,569
2,0,821,821
2,0,1984,1984
2,0,1948,1948
2,0,684,684
2,0,1119,1119
2,0,1499,1499
2,0,708,708
2,0,674,674
2,0,275,275
2,0,380,380
2,0,532,532
2,0,1350,1350
2,0,2039,2039
2,0,1274,1274
2,0,1669,1669
2,0,2156,2156
2,0,567,567
2,0,1620,1620
2,0,1914,1914
2,0,1584,1584
2,0,1430,1430
2,0,2175,2175
2,0,474,474
2,0,907,907
2,0,111,111
2,0,1298,1298
2,0,777,777
2,0,1877,1877
2,0,714,714
2,0,1265,1265
3,0,1247,1247
3,0,1531,1531
3,0,2089,2089
3,0,1523,1523
3,0,492,492
3,0,167,167
3,0,219,219
3,0,1596,1596
3,0,367,367
3,0,1817,1817
3,0,1996,1996
3,0,348,348
3,0,220,220
3,0,2021,2021
3,0,315,315
3,0,945,945
3,0,79,79
3,0,920,920
3,0,609,609
3,0,1892,1892
3,0,1021,1021
3,0,690,690
3,0,955,955
3,0,824,824
3,0,686,686
3,0,709,709
3,0,1179,1179
3,0,1094,1094
3,0,1634,1634
3,0,1497,1497
3,0,2231,2231
3,0,1715,1715
4,0,862,862
4,0,1550,1550
4,0,1754,1754
4,0,351,351
4,0,726,726
4,0,2047,2047
4,0,242,242
4,0,454,454
4,0,2164,2164
4,0,1151,1151
4,0,66,66
4,0,2234,2234
4,0,1294,1294
4,0,819,819
4,0,149,149
4,0,795,795
4,0,813,813
4,0,1305,1305
4,0,942,942
4,0,1537,1537
4,0,1645,1645
4,0,95,95
4,0,1415,1415
4,0,1601,1601
4,0,1157,1157
4,0,464,464
4,0,1821,1821
4,0,1200,1200
4,0,120,120
4,0,681,681
4,0,2250,2250
4,0,668,668
5,0,2067,2067
5,0,962,962
5,0,1040,1040
5,0,1642,1642
5,0,307,307
5,0,413,413
5,0,2152,2152
5,0,1520,1520
5,0,771,771
5,0,1095,1095
5,0,999,999
5,0,635,635
5,0,1239,1239
5,0,1688,1688
5,0,1567,1567
5,0,1541,1541
5,0,2093,2093
5,0,785,785
5,0,840,840
5,0,1752,1752
5,0,97,97
5,0,868,868
5,0,1413,1413
5,0,133,133
5,0,1672,1672
5,0,141,141
5,0,1008,1008
5,0,1978,1978
5,0,14,14
5,0,1080,1080
5,0,1660,1660
5,0,1140,1140
6,0,1295,1295
6,0,677,677
6,0,980,980
6,0,2145,2145
6,0,452,452
6,0,1586,1586
6,0,1192,1192
6,0,1737,1737
6,0,1370,1370
6,0,221,221
6,0,739,739
6,0,2173,2173
6,0,975,975
6,0,139,139
6,0,1863,1863
6,0,841,841
6,0,1787,1787
6,0,1153,1153
6,0,800,800
6,0,2017,2017
6,0,2066,2066
6,0,1999,1999
6,0,1595,1595
6,0,285,285
6,0,1138,1138
6,0,1743,1743
6,0,1939,1939
6,0,561,561
6,0,1439,1439
6,0,2229,2229
6,0,1989,1989
6,0,1509,1509
7,0,1393,1393
7,0,802,802
7,0,378,378
7,0,775,775
7,0,1503,1503
7,0,96,96
7,0,521,521
7,0,2211,2211
7,0,414,414
7,0,2119,2119
7,0,1018,1018
7,0,297,297
7,0,1876,1876
7,0,828,828
7,0,1864,1864
7,0,515,515
7,0,2001,2001
7,0,1903,1903
7,0,1372,1372
7,0,1962,1962
7,0,100,100
7,0,529,529
7,0,1993,1993
7,0,2163,2163
7,0,1684,1684
7,0,1144,1144
7,0,1621,1621
7,0,1576,1576
7,0,1420,1420
7,0,2149,2149
7,0,1361,1361
7,0,1738,1738
8,0,1848,1848
8,0,814,814
8,0,831,831
8,0,82,82
8,0,1045,1045
8,0,1682,1682
8,0,1950,1950
8,0,318,318
8,0,1052,1052
8,0,1401,1401
8,0,425,425
8,0,2056,2056
8,0,1529,1529
8,0,2081,2081
8,0,2040,2040
8,0,343,343
8,0,1188,1188
8,0,716,716
8,0,2214,2214
8,0,1744,1744
8,0,2125,2125
8,0,530,530
8,0,1534,1534
8,0,1815,1815
8,0,1226,1226
8,0,1675,1675
8,0,1717,1717
8,0,212,212
8,0,1658,1658
8,0,1849,1849
8,0,2024,2024
8,0,231,231
9,0,338,338
9,0,2096,2096
9,0,1974,1974
9,0,267,267
9,0,24,24
9,0,1346,1346
9,0,326,326
9,0,1871,1871
9,0,1761,1761
9,0,1388,1388
9,0,2049,2049
9,0,625,625
9,0,1134,1134
9,0,966,966
9,0,53,53
9,0,760,760
9,0,1724,1724
9,0,1215,1215
9,0,725,725
9,0,1819,1819
9,0,240,240
9,0,15,15
9,0,90,90
9,0,1577,1577
9,0,362,362
9,0,1554,1554
9,0,1060,1060
9,0,807,807
9,0,486,486
9,0,8,8
9,0,685,685
9,0,264,264
10,0,2157,2157
10,0,592,592
10,0,268,268
10,0,358,358
10,0,832,832
10,0,1434,1434
10,0,262,262
10,0,1843,1843
10,0,35,35
10,0,1785,1785
10,0,1025,1025
10,0,243,243
10,0,783,783
10,0,1227,1227
10,0,1860,1860
10,0,803,803
10,0,1927,1927
10,0,600,600
10,0,1137,1137
10,0,1828,1828
10,0,238,238
10,0,924,924
10,0,1755,1755
10,0,1077,1077
10,0,1789,1789
10,0,1112,1112
10,0,2028,2028
10,0,1582,1582
10,0,185,185
10,0,794,794
10,0,130,130
10,0,2064,2064
11,0,1235,1235
11,0,71,71
11,0,805,805
11,0,1385,1385
11,0,1573,1573
11,0,629,629
11,0,1332,1332
11,0,598,598
11,0,919,919
11,0,1160,1160
11,0,537,537
11,0,2022,2022
11,0,25,25
11,0,299,299
11,0,1236,1236
11,0,1648,1648
11,0,1965,1965
11,0,772,772
11,0,2161,2161
11,0,89,89
11,0,1002,1002
11,0,2187,2187
11,0,1147,1147
11,0,404,404
11,0,1242,1242
11,0,604,604
11,0,1856,1856
11,0,310,310
11,0,301,301
11,0,1369,1369
11,0,1322,1322
11,0,621,621
12,0,1698,1698
12,0,687,687
12,0,2213,2213
12,0,2073,2073
12,0,1444,1444
12,0,1644,1644
12,0,961,961
12,0,676,676
12,0,1352,1352
12,0,1280,1280
12,0,1012,1012
12,0,1638,1638
12,0,1807,1807
12,0,1217,1217
12,0,596,596
12,0,1583,1583
12,0,2041,2041
12,0,1598,1598
12,0,1443,1443
12,0,887,887
12,0,2133,2133
12,0,469,469
12,0,387,387
12,0,2232,2232
12,0,248,248
12,0,1614,1614
12,0,1445,1445
12,0,1468,1468
12,0,2127,2127
12,0,2201,2201
12,0,0,0
12,0,1889,1889
13,0,1143,1143
13,0,211,211
13,0,2150,2150
13,0,1391,1391
13,0,804,804
13,0,1636,1636
13,0,1784,1784
13,0,522,522
13,0,1597,1597
13,0,1182,1182
13,0,496,496
13,0,1074,1074
13,0,1516,1516
13,0,1207,1207
13,0,1382,1382
13,0,2008,2008
13,0,1269,1269
13,0,1618,1618
13,0,608,608
13,0,1431,1431
13,0,1533,1533
13,0,87,87
13,0,1517,1517
13,0,232,232
13,0,1968,1968
13,0,977,977
13,0,885,885
13,0,1284,1284
13,0,361,361
13,0,1113,1113
13,0,1056,1056
13,0,1406,1406
14,0,1224,1224
14,0,859,859
14,0,959,959
14,0,1932,1932
14,0,354,354
14,0,2147,2147
14,0,1292,1292
14,0,1589,1589
14,0,1255,1255
14,0,34,34
14,0,1628,1628
14,0,1359,1359
14,0,1399,1399
14,0,1377,1377
14,0,1985,1985
14,0,230,230
14,0,69,69
14,0,982,982
14,0,1983,1983
14,0,1971,1971
14,0,1960,1960
14,0,1570,1570
14,0,765,765
14,0,122,122
14,0,888,888
14,0,1059,1059
14,0,883,883
14,0,2019,2019
14,0,86,86
14,0,81,81
14,0,588,588
14,0,2109,2109
15,0,1532,1532
15,0,563,563
15,0,675,675
15,0,506,506
15,0,1822,1822
15,0,2136,2136
15,0,1919,1919
15,0,663,663
15,0,2227,2227
15,0,1409,1409
15,0,62,62
15,0,473,473
15,0,879,879
15,0,253,253
15,0,1839,1839
15,0,1165,1165
15,0,682,682
15,0,1779,1779
15,0,801,801
15,0,2221,2221
15,0,2025,2025
15,0,870,870
15,0,1285,1285
15,0,127,127
15,0,1096,1096
15,0,412,412
15,0,2104,2104
15,0,707,707
15,0,749,749
15,0,930,930
15,0,1612,1612
15,0,786,786
16,0,1204,1204
16,0,321,321
16,0,1202,1202
16,0,936,936
16,0,656,656
16,0,971,971
16,0,1823,1823
16,0,476,476
16,0,2036,2036
16,0,2100,2100
16,0,222,222
16,0,1838,1838
16,0,1671,1671
16,0,1825,1825
16,0,1486,1486
16,0,1029,1029
16,0,989,989
16,0,190,190
16,0,1469,1469
16,0,2117,2117
16,0,797,797
16,0,1824,1824
16,0,1868,1868
16,0,895,895
16,0,27,27
16,0,1168,1168
16,0,964,964
16,0,1452,1452
16,0,623,623
16,0,1327,1327
16,0,157,157
16,0,1607,1607
17,0,918,918
17,0,1816,1816
17,0,678,678
17,0,311,311
17,0,1459,1459
17,0,1870,1870
17,0,1555,1555
17,0,968,968
17,0,1847,1847
17,0,544,544
17,0,1861,1861
17,0,1432,1432
17,0,1760,1760
17,0,189,189
17,0,1673,1673
17,0,437,437
17,0,1454,1454
17,0,1900,1900
17,0,1757,1757
17,0,59,59
17,0,826,826
17,0,1515,1515
17,0,680,680
17,0,1875,1875
17,0,218,218
17,0,1132,1132
17,0,1231,1231
17,0,1278,1278
17,0,2102,2102
17,0,1124,1124
17,0,619,619
17,0,587,587
18,0,1735,1735
18,0,1477,1477
18,0,546,546
18,0,1283,1283
18,0,1699,1699
18,0,1311,1311
18,0,1946,1946
18,0,1842,1842
18,0,1952,1952
18,0,103,103
18,0,215,215
18,0,1079,1079
18,0,1491,1491
18,0,74,74
18,0,2042,2042
18,0,1465,1465
18,0,1566,1566
18,0,925,925
18,0,876,876
18,0,152,152
18,0,1781,1781
18,0,624,624
18,0,2218,2218
18,0,523,523
18,0,2038,2038
18,0,2122,2122
18,0,2219,2219
18,0,1746,1746
18,0,1328,1328
18,0,1011,1011
18,0,2138,2138
18,0,1938,1938
19,0,434,434
19,0,894,894
19,0,1886,1886
19,0,729,729
19,0,784,784
19,0,1844,1844
19,0,758,758
19,0,441,441
19,0,1650,1650
19,0,1695,1695
19,0,475,475
19,0,1851,1851
19,0,963,963
19,0,1857,1857
19,0,1720,1720
19,0,334,334
19,0,1488,1488
19,0,195,195
19,0,1466,1466
19,0,485,485
19,0,1448,1448
19,0,1750,1750
19,0,93,93
19,0,748,748
19,0,872,872
19,0,1771,1771
19,0,922,922
19,0,934,934
19,0,2082,2082
19,0,2192,2192
19,0,1329,1329
19,0,124,124
20,0,1238,1238
20,0,1709,1709
20,0,1110,1110
20,0,1986,1986
20,0,1004,1004
20,0,1770,1770
20,0,201,201
20,0,1733,1733
20,0,1502,1502
20,0,1189,1189
20,0,1349,1349
20,0,1228,1228
20,0,583,583
20,0,940,940
20,0,1656,1656
20,0,871,871
20,0,665,665
20,0,1758,1758
20,0,2098,2098
20,0,1299,1299
20,0,591,591
20,0,432,432
20,0,1885,1885
20,0,823,823
20,0,2135,2135
20,0,1778,1778
20,0,465,465
20,0,78,78
20,0,839,839
20,0,1404,1404
20,0,555,555
20,0,747,747
21,0,834,834
21,0,214,214
21,0,340,340
21,0,1549,1549
21,0,552,552
21,0,1123,1123
21,0,1540,1540
21,0,782,782
21,0,202,202
21,0,704,704
21,0,409,409
21,0,1580,1580
21,0,1351,1351
21,0,2014,2014
21,0,835,835
21,0,364,364
21,0,2088,2088
21,0,1383,1383
21,0,869,869
21,0,647,647
21,0,937,937
21,0,1906,1906
21,0,737,737
21,0,165,165
21,0,572,572
21,0,2165,2165
21,0,1035,1035
21,0,2126,2126
21,0,1345,1345
21,0,273,273
21,0,1511,1511
21,0,494,494
22,0,1810,1810
22,0,1495,1495
22,0,2146,2146
22,0,838,838
22,0,1749,1749
22,0,193,193
22,0,1070,1070
22,0,815,815
22,0,2132,2132
22,0,611,611
22,0,1794,1794
22,0,1931,1931
22,0,255,255
22,0,884,884
22,0,428,428
22,0,2176,2176
22,0,257,257
22,0,431,431
22,0,1521,1521
22,0,1158,1158
22,0,2207,2207
22,0,171,171
22,0,1117,1117
22,0,1653,1653
22,0,56,56
22,0,516,516
22,0,456,456
22,0,1009,1009
22,0,628,628
22,0,601,601
22,0,1759,1759
22,0,1000,1000
23,0,2208,2208
23,0,356,356
23,0,776,776
23,0,511,511
23,0,1296,1296
23,0,976,976
23,0,1476,1476
23,0,1172,1172
23,0,26,26
23,0,1881,1881
23,0,641,641
23,0,622,622
23,0,865,865
23,0,426,426
23,0,513,513
23,0,1155,1155
23,0,1901,1901
23,0,1019,1019
23,0,1704,1704
23,0,1692,1692
23,0,2079,2079
23,0,613,613
23,0,646,646
23,0,1256,1256
23,0,163,163
23,0,2101,2101
23,0,809,809
23,0,710,710
23,0,1507,1507
23,0,1632,1632
23,0,1054,1054
23,0,1073,1073
24,0,1381,1381
24,0,1015,1015
24,0,1493,1493
24,0,618,618
24,0,1418,1418
24,0,1014,1014
24,0,2220,2220
24,0,1437,1437
24,0,1991,1991
24,0,970,970
24,0,1232,1232
24,0,1818,1818
24,0,226,226
24,0,1163,1163
24,0,1376,1376
24,0,1257,1257
24,0,929,929
24,0,488,488
24,0,1633,1633
24,0,1049,1049
24,0,403,403
24,0,363,363
24,0,1646,1646
24,0,1945,1945
24,0,1722,1722
24,0,2110,2110
24,0,132,132
24,0,2080,2080
24,0,1923,1923
24,0,1657,1657
24,0,2247,2247
24,0,1103,1103
25,0,2072,2072
25,0,1194,1194
25,0,860,860
25,0,1309,1309
25,0,1262,1262
25,0,1241,1241
25,0,1086,1086
25,0,395,395
25,0,599,599
25,0,2075,2075
25,0,2193,2193
25,0,305,305
25,0,1920,1920
25,0,247,247
25,0,603,603
25,0,1940,1940
25,0,2068,2068
25,0,1384,1384
25,0,650,650
25,0,811,811
25,0,1170,1170
25,0,1379,1379
25,0,478,478
25,0,1335,1335
25,0,2004,2004
25,0,856,856
25,0,978,978
25,0,1723,1723
25,0,116,116
25,0,928,928
25,0,244,244
25,0,634,634
26,0,987,987
26,0,901,901
26,0,2184,2184
26,0,2123,2123
26,0,1929,1929
26,0,551,551
26,0,1802,1802
26,0,697,697
26,0,2228,2228
26,0,1186,1186
26,0,752,752
26,0,1662,1662
26,0,1536,1536
26,0,1051,1051
26,0,347,347
26,0,606,606
26,0,1006,1006
26,0,1858,1858
26,0,1806,1806
26,0,2085,2085
26,0,702,702
26,0,2013,2013
26,0,724,724
26,0,6,6
26,0,1579,1579
26,0,1478,1478
26,0,1118,1118
26,0,1556,1556
26,0,369,369
26,0,470,470
26,0,594,594
26,0,992,992
27,0,1211,1211
27,0,1214,1214
27,0,298,298
27,0,197,197
27,0,421,421
27,0,1500,1500
27,0,950,950
27,0,1187,1187
27,0,1325,1325
27,0,2162,2162
27,0,166,166
27,0,1272,1272
27,0,1739,1739
27,0,799,799
27,0,562,562
27,0,1700,1700
27,0,164,164
27,0,984,984
27,0,1762,1762
27,0,1866,1866
27,0,374,374
27,0,401,401
27,0,1800,1800
27,0,1315,1315
27,0,789,789
27,0,77,77
27,0,493,493
27,0,679,679
27,0,1146,1146
27,0,1129,1129
27,0,1765,1765
27,0,1062,1062
28,0,365,365
28,0,1120,1120
28,0,1805,1805
28,0,2182,2182
28,0,350,350
28,0,1542,1542
28,0,261,261
28,0,1913,1913
28,0,965,965
28,0,1494,1494
28,0,379,379
28,0,1934,1934
28,0,850,850
28,0,573,573
28,0,1921,1921
28,0,1068,1068
28,0,731,731
28,0,1223,1223
28,0,1592,1592
28,0,1712,1712
28,0,1957,1957
28,0,693,693
28,0,179,179
28,0,1122,1122
28,0,2226,2226
28,0,1859,1859
28,0,208,208
28,0,1141,1141
28,0,1287,1287
28,0,1244,1244
28,0,615,615
28,0,145,145
29,0,333,333
29,0,512,512
29,0,1922,1922
29,0,294,294
29,0,713,713
29,0,653,653
29,0,372,372
29,0,327,327
29,0,1590,1590
29,0,178,178
29,0,239,239
29,0,396,396
29,0,1149,1149
29,0,57,57
29,0,1674,1674
29,0,2105,2105
29,0,2249,2249
29,0,1543,1543
29,0,732,732
29,0,30,30
29,0,669,669
29,0,2030,2030
29,0,2045,2045
29,0,1872,1872
29,0,1097,1097
29,0,1333,1333
29,0,932,932
29,0,1791,1791
29,0,1947,1947
29,0,1435,1435
29,0,589,589
29,0,64,64
30,0,2055,2055
30,0,590,590
30,0,698,698
30,0,1703,1703
30,0,2143,2143
30,0,376,376
30,0,851,851
30,0,1423,1423
30,0,2005,2005
30,0,1367,1367
30,0,1768,1768
30,0,2139,2139
30,0,1167,1167
30,0,467,467
30,0,194,194
30,0,1480,1480
30,0,844,844
30,0,146,146
30,0,1629,1629
30,0,1729,1729
30,0,1837,1837
30,0,1474,1474
30,0,482,482
30,0,2159,2159
30,0,280,280
30,0,2238,2238
30,0,595,595
30,0,172,172
30,0,2050,2050
30,0,63,63
30,0,1337,1337
30,0,939,939
31,0,1403,1403
31,0,36,36
31,0,1084,1084
31,0,1539,1539
31,0,877,877
31,0,1099,1099
31,0,994,994
31,0,1277,1277
31,0,181,181
31,0,1559,1559
31,0,1687,1687
31,0,2084,2084
31,0,953,953
31,0,1588,1588
31,0,938,938
31,0,250,250
31,0,2094,2094
31,0,129,129
31,0,1961,1961
31,0,1935,1935
31,0,206,206
31,0,1854,1854
31,0,1010,1010
31,0,816,816
31,0,617,617
31,0,645,645
31,0,322,322
31,0,1365,1365
31,0,1640,1640
31,0,399,399
31,0,1763,1763
31,0,316,316
32,0,1593,1593
32,0,1069,1069
32,0,1890,1890
32,0,1911,1911
32,0,947,947
32,0,2177,2177
32,0,861,861
32,0,1055,1055
32,0,574,574
32,0,1093,1093
32,0,113,113
32,0,2215,2215
32,0,459,459
32,0,743,743
32,0,1475,1475
32,0,1303,1303
32,0,1307,1307
32,0,1652,1652
32,0,836,836
32,0,1371,1371
32,0,1023,1023
32,0,1716,1716
32,0,291,291
32,0,846,846
32,0,957,957
32,0,842,842
32,0,2180,2180
32,0,1966,1966
32,0,191,191
32,0,602,602
32,0,284,284
32,0,891,891
33,0,1279,1279
33,0,1992,1992
33,0,2172,2172
33,0,199,199
33,0,2107,2107
33,0,616,616
33,0,1902,1902
33,0,429,429
33,0,1603,1603
33,0,1959,1959
33,0,1740,1740
33,0,430,430
33,0,1090,1090
33,0,407,407
33,0,1893,1893
33,0,2016,2016
33,0,402,402
33,0,1522,1522
33,0,793,793
33,0,106,106
33,0,564,564
33,0,58,58
33,0,1267,1267
33,0,2053,2053
33,0,2170,2170
33,0,759,759
33,0,1928,1928
33,0,2233,2233
33,0,289,289
33,0,1453,1453
33,0,217,217
33,0,755,755
34,0,391,391
34,0,1164,1164
34,0,1402,1402
34,0,1878,1878
34,0,728,728
34,0,330,330
34,0,1193,1193
34,0,1196,1196
34,0,498,498
34,0,1980,1980
34,0,1547,1547
34,0,252,252
34,0,281,281
34,0,2131,2131
34,0,1505,1505
34,0,342,342
34,0,1575,1575
34,0,1033,1033
34,0,2197,2197
34,0,1412,1412
34,0,1184,1184
34,0,638,638
34,0,1225,1225
34,0,1323,1323
34,0,2003,2003
34,0,1460,1460
34,0,904,904
34,0,2063,2063
34,0,649,649
34,0,1046,1046
34,0,1101,1101
34,0,349,349
35,0,1830,1830
35,0,2002,2002
35,0,277,277
35,0,235,235
35,0,1776,1776
35,0,1930,1930
35,0,105,105
35,0,2242,2242
35,0,450,450
35,0,144,144
35,0,1563,1563
35,0,1899,1899
35,0,1661,1661
35,0,579,579
35,0,1676,1676
35,0,123,123
35,0,909,909
35,0,1954,1954
35,0,1334,1334
35,0,1426,1426
35,0,927,927
35,0,1624,1624
35,0,1414,1414
35,0,1363,1363
35,0,1955,1955
35,0,1602,1602
35,0,1142,1142
35,0,241,241
35,0,605,605
35,0,423,423
35,0,468,468
35,0,705,705
36,0,272,272
36,0,1811,1811
36,0,1275,1275
36,0,1594,1594
36,0,1173,1173
36,0,915,915
36,0,911,911
36,0,2111,2111
36,0,1850,1850
36,0,1788,1788
36,0,295,295
36,0,500,500
36,0,1313,1313
36,0,9,9
36,0,643,643
36,0,585,585
36,0,1375,1375
36,0,41,41
36,0,1732,1732
36,0,1407,1407
36,0,2205,2205
36,0,2202,2202
36,0,2062,2062
36,0,288,288
36,0,2212,2212
36,0,1441,1441
36,0,733,733
36,0,1472,1472
36,0,1869,1869
36,0,1748,1748
36,0,1827,1827
36,0,143,143
37,0,359,359
37,0,983,983
37,0,830,830
37,0,2236,2236
37,0,1050,1050
37,0,471,471
37,0,2142,2142
37,0,352,352
37,0,29,29
37,0,1774,1774
37,0,49,49
37,0,233,233
37,0,1546,1546
37,0,389,389
37,0,1728,1728
37,0,1087,1087
37,0,1527,1527
37,0,381,381
37,0,1772,1772
37,0,582,582
37,0,2116,2116
37,0,147,147
37,0,266,266
37,0,1398,1398
37,0,960,960
37,0,325,325
37,0,1024,1024
37,0,461,461
37,0,1470,1470
37,0,881,881
37,0,44,44
37,0,1220,1220
38,0,1219,1219
38,0,1304,1304
38,0,1689,1689
38,0,2086,2086
38,0,1639,1639
38,0,1606,1606
38,0,1358,1358
38,0,2148,2148
38,0,631,631
38,0,1694,1694
38,0,188,188
38,0,2166,2166
38,0,1670,1670
38,0,914,914
38,0,2206,2206
38,0,542,542
38,0,2010,2010
38,0,1895,1895
38,0,2076,2076
38,0,988,988
38,0,2103,2103
38,0,51,51
38,0,560,560
38,0,1681,1681
38,0,2054,2054
38,0,67,67
38,0,1530,1530
38,0,903,903
38,0,76,76
38,0,345,345
38,0,499,499
38,0,405,405
39,0,324,324
39,0,1615,1615
39,0,933,933
39,0,173,173
39,0,296,296
39,0,1321,1321
39,0,2015,2015
39,0,1641,1641
39,0,416,416
39,0,1302,1302
39,0,991,991
39,0,118,118
39,0,1331,1331
39,0,98,98
39,0,85,85
39,0,757,757
39,0,1336,1336
39,0,1281,1281
39,0,1767,1767
39,0,700,700
39,0,2167,2167
39,0,136,136
39,0,1271,1271
39,0,447,447
39,0,557,557
39,0,2031,2031
39,0,2241,2241
39,0,584,584
39,0,1057,1057
39,0,1535,1535
39,0,1100,1100
39,0,2046,2046
40,0,973,973
40,0,392,392
40,0,237,237
40,0,319,319
40,0,1994,1994
40,0,373,373
40,0,1076,1076
40,0,711,711
40,0,1915,1915
40,0,1963,1963
40,0,740,740
40,0,1105,1105
40,0,886,886
40,0,1548,1548
40,0,1840,1840
40,0,424,424
40,0,2240,2240
40,0,1855,1855
40,0,1643,1643
40,0,1250,1250
40,0,40,40
40,0,23,23
40,0,419,419
40,0,1048,1048
40,0,1526,1526
40,0,47,47
40,0,931,931
40,0,1782,1782
40,0,110,110
40,0,102,102
40,0,1667,1667
40,0,736,736
41,0,2057,2057
41,0,1970,1970
41,0,773,773
41,0,458,458
41,0,156,156
41,0,1569,1569
41,0,385,385
41,0,639,639
41,0,37,37
41,0,457,457
41,0,1944,1944
41,0,556,556
41,0,1450,1450
41,0,534,534
41,0,332,332
41,0,1773,1773
41,0,1036,1036
41,0,1400,1400
41,0,1310,1310
41,0,867,867
41,0,899,899
41,0,1286,1286
41,0,236,236
41,0,695,695
41,0,1063,1063
41,0,287,287
41,0,1433,1433
41,0,767,767
41,0,880,880
41,0,1234,1234
41,0,1799,1799
41,0,45,45
42,0,1030,1030
42,0,270,270
42,0,1609,1609
42,0,1169,1169
42,0,1599,1599
42,0,2190,2190
42,0,216,216
42,0,479,479
42,0,1972,1972
42,0,540,540
42,0,1249,1249
42,0,874,874
42,0,1631,1631
42,0,65,65
42,0,956,956
42,0,388,388
42,0,829,829
42,0,1941,1941
42,0,701,701
42,0,948,948
42,0,175,175
42,0,495,495
42,0,1958,1958
42,0,1091,1091
42,0,1680,1680
42,0,848,848
42,0,1026,1026
42,0,1218,1218
42,0,491,491
42,0,2198,2198
42,0,1020,1020
42,0,2090,2090
43,0,170,170
43,0,1017,1017
43,0,878,878
43,0,620,620
43,0,1111,1111
43,0,2000,2000
43,0,1246,1246
43,0,1604,1604
43,0,2169,2169
43,0,229,229
43,0,627,627
43,0,1745,1745
43,0,1943,1943
43,0,1330,1330
43,0,2051,2051
43,0,1753,1753
43,0,1973,1973
43,0,1951,1951
43,0,2168,2168
43,0,2037,2037
43,0,377,377
43,0,1395,1395
43,0,2018,2018
43,0,754,754
43,0,1803,1803
43,0,22,22
43,0,436,436
43,0,1205,1205
43,0,1171,1171
43,0,1206,1206
43,0,346,346
43,0,597,597
44,0,271,271
44,0,1786,1786
44,0,1484,1484
44,0,1041,1041
44,0,151,151
44,0,2071,2071
44,0,260,260
44,0,1373,1373
44,0,671,671
44,0,810,810
44,0,2061,2061
44,0,2006,2006
44,0,1790,1790
44,0,580,580
44,0,1471,1471
44,0,575,575
44,0,1679,1679
44,0,328,328
44,0,1300,1300
44,0,39,39
44,0,666,666
44,0,1183,1183
44,0,1044,1044
44,0,559,559
44,0,1338,1338
44,0,718,718
44,0,1038,1038
44,0,1,1
44,0,400,400
44,0,1979,1979
44,0,1199,1199
44,0,1451,1451
45,0,972,972
45,0,1834,1834
45,0,1808,1808
45,0,484,484
45,0,1104,1104
45,0,258,258
45,0,279,279
45,0,538,538
45,0,293,293
45,0,2189,2189
45,0,2114,2114
45,0,455,455
45,0,689,689
45,0,1229,1229
45,0,442,442
45,0,1553,1553
45,0,453,453
45,0,61,61
45,0,2029,2029
45,0,1203,1203
45,0,778,778
45,0,1742,1742
45,0,910,910
45,0,1693,1693
45,0,508,508
45,0,774,774
45,0,817,817
45,0,1678,1678
45,0,320,320
45,0,2070,2070
45,0,1166,1166
45,0,246,246
46,0,1128,1128
46,0,1463,1463
46,0,1411,1411
46,0,1022,1022
46,0,1887,1887
46,0,125,125
46,0,1185,1185
46,0,1714,1714
46,0,1176,1176
46,0,889,889
46,0,658,658
46,0,1668,1668
46,0,446,446
46,0,2118,2118
46,0,673,673
46,0,1696,1696
46,0,1558,1558
46,0,1852,1852
46,0,1082,1082
46,0,1611,1611
46,0,20,20
46,0,2141,2141
46,0,1623,1623
46,0,1297,1297
46,0,1053,1053
46,0,406,406
46,0,1348,1348
46,0,1635,1635
46,0,213,213
46,0,1613,1613
46,0,1260,1260
46,0,1685,1685
47,0,1042,1042
47,0,1884,1884
47,0,568,568
47,0,2034,2034
47,0,1245,1245
47,0,480,480
47,0,981,981
47,0,126,126
47,0,1156,1156
47,0,1259,1259
47,0,438,438
47,0,1108,1108
47,0,1306,1306
47,0,1775,1775
47,0,2248,2248
47,0,1253,1253
47,0,1747,1747
47,0,672,672
47,0,1058,1058
47,0,1585,1585
47,0,2244,2244
47,0,1201,1201
47,0,42,42
47,0,745,745
47,0,935,935
47,0,1726,1726
47,0,1949,1949
47,0,905,905
47,0,2222,2222
47,0,661,661
47,0,525,525
47,0,1801,1801
48,0,1780,1780
48,0,439,439
48,0,187,187
48,0,1489,1489
48,0,571,571
48,0,4,4
48,0,554,554
48,0,443,443
48,0,1419,1419
48,0,68,68
48,0,857,857
48,0,1655,1655
48,0,1252,1252
48,0,1066,1066
48,0,1651,1651
48,0,1953,1953
48,0,1178,1178
48,0,1191,1191
48,0,898,898
48,0,1237,1237
48,0,2065,2065
48,0,269,269
48,0,1552,1552
48,0,84,84
48,0,1254,1254
48,0,2188,2188
48,0,300,300
48,0,1766,1766
48,0,28,28
48,0,1449,1449
48,0,1357,1357
48,0,1421,1421
49,0,1343,1343
49,0,1356,1356
49,0,1378,1378
49,0,5,5
49,0,1270,1270
49,0,1862,1862
49,0,1564,1564
49,0,1894,1894
49,0,397,397
49,0,1181,1181
49,0,1967,1967
49,0,109,109
49,0,2106,2106
49,0,1783,1783
49,0,1222,1222
49,0,1880,1880
49,0,2144,2144
49,0,683,683
49,0,159,159
49,0,1809,1809
49,0,951,951
49,0,612,612
49,0,2078,2078
49,0,1561,1561
49,0,2087,2087
49,0,660,660
49,0,738,738
49,0,664,664
49,0,509,509
49,0,18,18
49,0,913,913
49,0,1751,1751
50,0,1392,1392
50,0,2200,2200
50,0,2160,2160
50,0,1354,1354
50,0,2032,2032
50,0,1686,1686
50,0,2095,2095
50,0,1031,1031
50,0,278,278
50,0,1032,1032
50,0,1115,1115
50,0,1909,1909
50,0,1264,1264
50,0,1926,1926
50,0,827,827
50,0,134,134
50,0,1904,1904
50,0,1438,1438
50,0,902,902
50,0,730,730
50,0,756,756
50,0,576,576
50,0,1888,1888
50,0,1007,1007
50,0,1261,1261
50,0,858,858
50,0,1464,1464
50,0,210,210
50,0,46,46
50,0,183,183
50,0,896,896
50,0,2099,2099
51,0,1034,1034
51,0,808,808
51,0,1795,1795
51,0,1312,1312
51,0,1133,1133
51,0,1853,1853
51,0,329,329
51,0,1208,1208
51,0,636,636
51,0,1408,1408
51,0,990,990
51,0,1473,1473
51,0,1016,1016
51,0,1139,1139
51,0,908,908
51,0,2060,2060
51,0,863,863
51,0,1764,1764
51,0,1707,1707
51,0,411,411
51,0,722,722
51,0,1098,1098
51,0,528,528
51,0,2171,2171
51,0,1734,1734
51,0,2121,2121
51,0,1933,1933
51,0,1213,1213
51,0,2196,2196
51,0,1092,1092
51,0,570,570
51,0,1109,1109
52,0,12,12
52,0,501,501
52,0,798,798
52,0,1429,1429
52,0,1496,1496
52,0,1197,1197
52,0,1504,1504
52,0,766,766
52,0,847,847
52,0,1175,1175
52,0,553,553
52,0,1107,1107
52,0,1777,1777
52,0,1578,1578
52,0,997,997
52,0,1251,1251
52,0,892,892
52,0,1796,1796
52,0,1908,1908
52,0,637,637
52,0,286,286
52,0,541,541
52,0,148,148
52,0,2158,2158
52,0,744,744
52,0,60,60
52,0,1288,1288
52,0,1195,1195
52,0,7,7
52,0,1233,1233
52,0,762,762
52,0,2223,2223
53,0,944,944
53,0,121,121
53,0,1136,1136
53,0,2224,2224
53,0,642,642
53,0,1591,1591
53,0,1831,1831
53,0,2154,2154
53,0,11,11
53,0,1664,1664
53,0,180,180
53,0,1342,1342
53,0,154,154
53,0,974,974
53,0,2194,2194
53,0,1027,1027
53,0,48,48
53,0,1571,1571
53,0,2243,2243
53,0,225,225
53,0,1956,1956
53,0,302,302
53,0,2012,2012
53,0,607,607
53,0,510,510
53,0,524,524
53,0,176,176
53,0,853,853
53,0,843,843
53,0,150,150
53,0,565,565
53,0,282,282
54,0,1683,1683
54,0,2007,2007
54,0,1263,1263
54,0,174,174
54,0,1081,1081
54,0,1925,1925
54,0,1316,1316
54,0,1518,1518
54,0,1562,1562
54,0,1691,1691
54,0,1083,1083
54,0,422,422
54,0,662,662
54,0,1159,1159
54,0,177,177
54,0,993,993
54,0,545,545
54,0,507,507
54,0,487,487
54,0,292,292
54,0,445,445
54,0,198,198
54,0,1362,1362
54,0,1798,1798
54,0,2245,2245
54,0,390,390
54,0,1829,1829
54,0,1065,1065
54,0,119,119
54,0,949,949
54,0,192,192
54,0,54,54
55,0,527,527
55,0,1425,1425
55,0,433,433
55,0,1874,1874
55,0,1455,1455
55,0,1741,1741
55,0,2246,2246
55,0,787,787
55,0,2179,2179
55,0,742,742
55,0,2077,2077
55,0,670,670
55,0,2059,2059
55,0,1152,1152
55,0,1841,1841
55,0,1528,1528
55,0,640,640
55,0,1347,1347
55,0,2210,2210
55,0,717,717
55,0,92,92
55,0,1126,1126
55,0,2191,2191
55,0,335,335
55,0,818,818
55,0,477,477
55,0,1610,1610
55,0,1625,1625
55,0,1907,1907
55,0,2178,2178
55,0,1649,1649
55,0,1276,1276
56,0,1266,1266
56,0,1341,1341
56,0,1969,1969
56,0,2108,2108
56,0,1314,1314
56,0,339,339
56,0,715,715
56,0,1708,1708
56,0,2155,2155
56,0,750,750
56,0,1883,1883
56,0,276,276
56,0,703,703
56,0,1524,1524
56,0,1289,1289
56,0,72,72
56,0,632,632
56,0,1037,1037
56,0,1319,1319
56,0,1078,1078
56,0,941,941
56,0,1713,1713
56,0,1551,1551
56,0,866,866
56,0,593,593
56,0,1243,1243
56,0,916,916
56,0,254,254
56,0,1282,1282
56,0,1417,1417
56,0,355,355
56,0,483,483
57,0,304,304
57,0,52,52
57,0,855,855
57,0,1212,1212
57,0,586,586
57,0,1326,1326
57,0,845,845
57,0,1317,1317
57,0,1043,1043
57,0,1826,1826
57,0,2181,2181
57,0,906,906
57,0,32,32
57,0,1386,1386
57,0,1387,1387
57,0,1647,1647
57,0,1150,1150
57,0,998,998
57,0,1416,1416
57,0,1461,1461
57,0,614,614
57,0,1663,1663
57,0,114,114
57,0,1427,1427
57,0,1833,1833
57,0,1865,1865
57,0,2134,2134
57,0,2097,2097
57,0,1071,1071
57,0,753,753
57,0,1905,1905
57,0,1440,1440
58,0,790,790
58,0,128,128
58,0,688,688
58,0,1161,1161
58,0,1301,1301
58,0,652,652
58,0,2153,2153
58,0,578,578
58,0,1148,1148
58,0,1089,1089
58,0,1572,1572
58,0,1981,1981
58,0,3,3
58,0,890,890
58,0,1467,1467
58,0,1003,1003
58,0,1248,1248
58,0,788,788
58,0,796,796
58,0,764,764
58,0,375,375
58,0,763,763
58,0,1710,1710
58,0,2043,2043
58,0,864,864
58,0,727,727
58,0,1320,1320
58,0,1701,1701
58,0,1964,1964
58,0,1131,1131
58,0,1730,1730
58,0,451,451
59,0,2074,2074
59,0,1873,1873
59,0,2026,2026
59,0,1481,1481
59,0,101,101
59,0,734,734
59,0,996,996
59,0,331,331
59,0,837,837
59,0,1581,1581
59,0,825,825
59,0,336,336
59,0,1630,1630
59,0,1125,1125
59,0,1702,1702
59,0,1177,1177
59,0,723,723
59,0,852,852
59,0,169,169
59,0,536,536
59,0,1340,1340
59,0,228,228
59,0,251,251
59,0,712,712
59,0,1396,1396
59,0,1891,1891
59,0,99,99
59,0,1216,1216
59,0,168,168
59,0,306,306
59,0,2185,2185
59,0,186,186
60,0,1293,1293
60,0,696,696
60,0,2120,2120
60,0,1456,1456
60,0,1442,1442
60,0,1145,1145
60,0,779,779
60,0,1116,1116
60,0,497,497
60,0,1637,1637
60,0,184,184
60,0,1457,1457
60,0,581,581
60,0,466,466
60,0,1390,1390
60,0,1736,1736
60,0,849,849
60,0,735,735
60,0,107,107
60,0,720,720
60,0,2023,2023
60,0,155,155
60,0,21,21
60,0,1565,1565
60,0,1918,1918
60,0,323,323
60,0,73,73
60,0,2203,2203
60,0,19,19
60,0,1793,1793
60,0,112,112
60,0,926,926
61,0,1291,1291
61,0,10,10
61,0,182,182
61,0,1462,1462
61,0,408,408
61,0,368,368
61,0,1617,1617
61,0,393,393
61,0,770,770
61,0,550,550
61,0,655,655
61,0,2083,2083
61,0,654,654
61,0,1508,1508
61,0,472,472
61,0,1756,1756
61,0,2216,2216
61,0,651,651
61,0,137,137
61,0,2151,2151
61,0,418,418
61,0,691,691
61,0,2130,2130
61,0,1405,1405
61,0,234,234
61,0,265,265
61,0,692,692
61,0,1924,1924
61,0,1995,1995
61,0,1936,1936
61,0,1154,1154
61,0,200,200
62,0,1846,1846
62,0,1446,1446
62,0,694,694
62,0,1353,1353
62,0,1487,1487
62,0,1324,1324
62,0,207,207
62,0,630,630
62,0,1987,1987
62,0,979,979
62,0,882,882
62,0,657,657
62,0,1318,1318
62,0,1619,1619
62,0,535,535
62,0,1697,1697
62,0,2044,2044
62,0,2009,2009
62,0,427,427
62,0,161,161
62,0,263,263
62,0,360,360
62,0,644,644
62,0,1180,1180
62,0,158,158
62,0,820,820
62,0,162,162
62,0,520,520
62,0,1519,1519
62,0,449,449
62,0,822,822
62,0,1665,1665
63,0,2091,2091
63,0,812,812
63,0,353,353
63,0,1814,1814
63,0,566,566
63,0,2052,2052
63,0,504,504
63,0,1832,1832
63,0,370,370
63,0,2033,2033
63,0,531,531
63,0,1230,1230
63,0,2225,2225
63,0,1727,1727
63,0,2058,2058
63,0,205,205
63,0,1608,1608
63,0,985,985
63,0,223,223
63,0,2183,2183
63,0,1719,1719
63,0,1910,1910
63,0,1114,1114
63,0,1560,1560
63,0,893,893
63,0,444,444
63,0,249,249
63,0,1447,1447
63,0,751,751
63,0,875,875
63,0,1258,1258
63,0,386,386
64,0,792,792
64,0,481,481
64,0,410,410
64,0,1882,1882
64,0,1005,1005
64,0,1028,1028
64,0,16,16
64,0,768,768
64,0,1482,1482
64,0,1061,1061
64,0,1525,1525
64,0,1997,1997
64,0,558,558
64,0,17,17
64,0,1977,1977
64,0,383,383
64,0,1975,1975
64,0,1677,1677
64,0,1121,1121
64,0,873,873
64,0,135,135
64,0,1659,1659
64,0,1436,1436
64,0,309,309
64,0,1916,1916
64,0,274,274
64,0,398,398
64,0,917,917
64,0,746,746
64,0,706,706
64,0,2199,2199
64,0,995,995
