method,benchmark,has_tags,responses,accuracy_robust,valid_responses,mean_tokens,mean_forward_passes,truncated
m1,arc_dev,0,21,33.33,0.0,51.3,51.3,0.0
m1,arc_dev,1,1175,45.79,83.57,285.3,233.1,3.3
m1,gsm8k_dev,0,4,100.0,0.0,149.2,149.2,0.0
m1,gsm8k_dev,1,1180,36.19,93.39,287.8,242.4,0.6
m1,math_dev,0,3,0.0,0.0,95.3,95.3,0.0
m1,math_dev,1,961,17.79,84.5,530.3,455.6,2.8
m1,mmlu_pro_dev,0,19,0.0,0.0,177.1,177.1,0.0
m1,mmlu_pro_dev,1,980,20.2,73.27,436.7,377.6,3.9
m2,arc_dev,0,1179,52.25,0.0,14.4,14.4,0.0
m2,arc_dev,1,17,47.06,41.18,281.7,261.6,35.3
m2,gsm8k_dev,0,504,65.28,0.0,143.7,143.7,0.0
m2,gsm8k_dev,1,680,39.71,50.44,307.5,283.0,10.4
m2,math_dev,0,433,53.81,0.0,469.9,469.9,0.0
m2,math_dev,1,531,35.4,37.29,706.8,684.3,23.0
m2,mmlu_pro_dev,0,643,28.46,0.0,86.3,86.3,0.0
m2,mmlu_pro_dev,1,356,23.6,32.3,612.9,590.0,22.2
p06,arc_dev,0,1122,43.94,0.0,113.6,113.6,0.0
p06,arc_dev,1,74,40.54,0.0,233.6,233.6,0.0
p06,gsm8k_dev,0,1119,24.04,0.0,208.7,208.7,0.0
p06,gsm8k_dev,1,65,13.85,0.0,307.8,307.8,0.0
p06,math_dev,0,942,31.63,0.0,417.7,417.7,0.0
p06,math_dev,1,22,31.82,0.0,354.1,354.1,0.0
p06,mmlu_pro_dev,0,959,21.79,0.0,223.3,223.3,0.0
p06,mmlu_pro_dev,1,40,22.5,0.0,297.3,297.3,0.0
