method,benchmark,has_tags,responses,accuracy_robust,valid_blocks_percent
m1,arc_dev,0,21,33.33,0.0
m1,arc_dev,1,1175,46.81,0.0
m1,gsm8k_dev,0,3,100.0,0.0
m1,gsm8k_dev,1,1181,37.6,0.0
m1,math_dev,0,3,0.0,0.0
m1,math_dev,1,961,19.04,0.0
m1,mmlu_pro_dev,0,20,0.0,0.0
m1,mmlu_pro_dev,1,979,20.12,0.0
m2,arc_dev,0,1179,52.25,0.0
m2,arc_dev,1,17,35.29,0.0
m2,gsm8k_dev,0,503,65.61,0.0
m2,gsm8k_dev,1,681,41.26,0.0
m2,math_dev,0,435,51.72,0.0
m2,math_dev,1,529,35.92,0.0
m2,mmlu_pro_dev,0,645,28.84,0.0
m2,mmlu_pro_dev,1,354,24.01,0.0
