run,suite,mode,bench,source,problems,accuracy,mv_with_tags,mv_valid_tagged,mv_valid_responses,mv_numbered_tagged,mv_valid_blocks_percent,mean_tokens,mean_forward_passes,truncated,commit
c0-dev-mv-v2,dev,multiverse,arc_dev,ARC,299,46.66,71.7,0.0,0.0,0.0,0.0,106.5,106.5,0.0,fbc56686e07dda25efe73afe0e1fd0ba2f817a8c
c0-dev-mv-v2,dev,multiverse,gsm8k_dev,GSM8K_DEV,296,17.48,98.1,0.0,0.0,0.0,0.0,174.4,174.4,0.0,fbc56686e07dda25efe73afe0e1fd0ba2f817a8c
c0-dev-mv-v2,dev,multiverse,math_dev,MATH_DEV,482,21.68,81.2,0.0,0.0,0.0,0.0,298.3,298.3,0.0,fbc56686e07dda25efe73afe0e1fd0ba2f817a8c
c0-dev-mv-v2,dev,multiverse,mmlu_pro_dev,MMLUPRO,999,19.42,69.1,0.0,0.0,0.0,0.0,154.4,154.4,0.0,fbc56686e07dda25efe73afe0e1fd0ba2f817a8c
c0-dev-nt,dev,no-thinking,arc_dev,ARC,299,48.75,0.0,,0.0,,,17.5,17.5,0.0,2b4752e595956230d9ef56327a4949bca58b55ba
c0-dev-nt,dev,no-thinking,gsm8k_dev,GSM8K_DEV,296,42.74,0.0,,0.0,,,152.7,152.7,0.0,2b4752e595956230d9ef56327a4949bca58b55ba
c0-dev-nt,dev,no-thinking,math_dev,MATH_DEV,482,36.1,0.0,,0.0,,,404.7,404.7,0.0,2b4752e595956230d9ef56327a4949bca58b55ba
c0-dev-nt,dev,no-thinking,mmlu_pro_dev,MMLUPRO,999,23.22,0.0,,0.0,,,108.1,108.1,0.0,2b4752e595956230d9ef56327a4949bca58b55ba
c0-dev-th,dev,thinking,arc_dev,ARC,299,68.65,0.0,,0.0,,,663.2,663.2,0.0,2b4752e595956230d9ef56327a4949bca58b55ba
c0-dev-th,dev,thinking,gsm8k_dev,GSM8K_DEV,296,73.65,0.0,,0.0,,,1167.3,1167.3,0.0,2b4752e595956230d9ef56327a4949bca58b55ba
c0-dev-th,dev,thinking,math_dev,MATH_DEV,482,69.09,0.0,,0.0,,,4616.4,4616.4,5.5,2b4752e595956230d9ef56327a4949bca58b55ba
c0-dev-th,dev,thinking,mmlu_pro_dev,MMLUPRO,999,32.73,0.0,,0.0,,,3261.2,3261.2,0.7,2b4752e595956230d9ef56327a4949bca58b55ba
c0-ifeval-nt,frozen,no-thinking,ifeval,IFEVAL,541,51.57,0.0,,0.0,,,228.2,228.2,0.4,2b4752e595956230d9ef56327a4949bca58b55ba
c0-ifeval-th,frozen,thinking,ifeval,IFEVAL,541,55.27,0.0,,0.0,,,719.9,719.9,0.4,2b4752e595956230d9ef56327a4949bca58b55ba
control-m1-dev-mv,dev,multiverse,arc_dev,ARC,299,46.99,0.0,,0.0,,,167.0,167.0,0.0,88b31490bc42f088fc5de8f280411af0c47d353a
control-m1-dev-mv,dev,multiverse,gsm8k_dev,GSM8K_DEV,296,44.26,0.0,,0.0,,,254.8,254.8,0.0,88b31490bc42f088fc5de8f280411af0c47d353a
control-m1-dev-mv,dev,multiverse,math_dev,MATH_DEV,482,19.5,0.0,,0.0,,,549.9,549.9,0.0,88b31490bc42f088fc5de8f280411af0c47d353a
control-m1-dev-mv,dev,multiverse,mmlu_pro_dev,MMLUPRO,999,18.92,0.0,,0.0,,,407.6,407.6,0.0,88b31490bc42f088fc5de8f280411af0c47d353a
control-m1-dev-mvb,dev,multiverse-branch,arc_dev,ARC,299,47.07,0.0,,0.0,,,170.5,170.5,0.0,88b31490bc42f088fc5de8f280411af0c47d353a
control-m1-dev-mvb,dev,multiverse-branch,gsm8k_dev,GSM8K_DEV,296,44.17,0.0,,0.0,,,257.8,257.8,0.0,88b31490bc42f088fc5de8f280411af0c47d353a
control-m1-dev-mvb,dev,multiverse-branch,math_dev,MATH_DEV,482,19.92,0.0,,0.0,,,556.3,556.3,0.0,88b31490bc42f088fc5de8f280411af0c47d353a
control-m1-dev-mvb,dev,multiverse-branch,mmlu_pro_dev,MMLUPRO,999,17.92,0.0,,0.0,,,399.0,399.0,0.0,88b31490bc42f088fc5de8f280411af0c47d353a
control-m1-dev-nt,dev,no-thinking,arc_dev,ARC,299,51.84,0.0,,0.0,,,12.4,12.4,0.0,88b31490bc42f088fc5de8f280411af0c47d353a
control-m1-dev-nt,dev,no-thinking,gsm8k_dev,GSM8K_DEV,296,48.82,0.0,,0.0,,,164.0,164.0,0.0,88b31490bc42f088fc5de8f280411af0c47d353a
control-m1-dev-nt,dev,no-thinking,math_dev,MATH_DEV,482,41.91,0.0,,0.0,,,590.7,590.7,0.0,88b31490bc42f088fc5de8f280411af0c47d353a
control-m1-dev-nt,dev,no-thinking,mmlu_pro_dev,MMLUPRO,999,26.43,0.0,,0.0,,,112.2,112.2,0.0,88b31490bc42f088fc5de8f280411af0c47d353a
control-m1-dev-th,dev,thinking,arc_dev,ARC,299,69.06,0.0,,0.0,,,635.3,635.3,0.0,88b31490bc42f088fc5de8f280411af0c47d353a
control-m1-dev-th,dev,thinking,gsm8k_dev,GSM8K_DEV,296,76.1,0.0,,0.0,,,1016.2,1016.2,0.0,88b31490bc42f088fc5de8f280411af0c47d353a
control-m1-dev-th,dev,thinking,math_dev,MATH_DEV,482,70.54,0.5,0.0,0.0,0.0,0.0,4364.3,4364.3,5.4,88b31490bc42f088fc5de8f280411af0c47d353a
control-m1-dev-th,dev,thinking,mmlu_pro_dev,MMLUPRO,999,37.84,0.2,0.0,0.0,0.0,,2888.9,2888.9,0.2,88b31490bc42f088fc5de8f280411af0c47d353a
control-m1-ifeval-nt,frozen,no-thinking,ifeval,IFEVAL,541,42.88,1.3,0.0,0.0,0.0,,176.6,176.6,0.0,88b31490bc42f088fc5de8f280411af0c47d353a
control-m1-ifeval-th,frozen,thinking,ifeval,IFEVAL,541,47.87,3.3,0.0,0.0,0.0,,736.1,736.1,0.2,88b31490bc42f088fc5de8f280411af0c47d353a
m1-dev-mv,dev,multiverse,arc_dev,ARC,299,46.57,98.2,0.0,0.0,0.0,0.0,208.4,208.4,0.0,d0163eaeaaa5da502a420488f6e9a30894e7a187
m1-dev-mv,dev,multiverse,gsm8k_dev,GSM8K_DEV,296,37.75,99.7,0.0,0.0,0.0,0.0,236.0,236.0,0.0,d0163eaeaaa5da502a420488f6e9a30894e7a187
m1-dev-mv,dev,multiverse,math_dev,MATH_DEV,482,18.98,99.7,0.0,0.0,0.0,0.0,405.2,405.2,0.0,d0163eaeaaa5da502a420488f6e9a30894e7a187
m1-dev-mv,dev,multiverse,mmlu_pro_dev,MMLUPRO,999,19.72,98.0,0.0,0.0,0.0,0.0,346.7,346.7,0.0,d0163eaeaaa5da502a420488f6e9a30894e7a187
m1-dev-mvb,dev,multiverse-branch,arc_dev,ARC,299,45.57,98.2,83.6,82.11,83.6,83.7,281.2,230.0,3.3,88b31490bc42f088fc5de8f280411af0c47d353a
m1-dev-mvb,dev,multiverse-branch,gsm8k_dev,GSM8K_DEV,296,36.4,99.7,93.4,93.07,93.4,93.3,287.3,242.1,0.6,88b31490bc42f088fc5de8f280411af0c47d353a
m1-dev-mvb,dev,multiverse-branch,math_dev,MATH_DEV,482,17.74,99.7,84.5,84.23,84.5,82.0,528.9,454.5,2.8,88b31490bc42f088fc5de8f280411af0c47d353a
m1-dev-mvb,dev,multiverse-branch,mmlu_pro_dev,MMLUPRO,999,19.82,98.1,73.3,71.87,73.3,72.6,431.7,373.8,3.8,88b31490bc42f088fc5de8f280411af0c47d353a
m1-dev-nt,dev,no-thinking,arc_dev,ARC,299,54.01,0.0,,0.0,,,14.5,14.5,0.0,d0163eaeaaa5da502a420488f6e9a30894e7a187
m1-dev-nt,dev,no-thinking,gsm8k_dev,GSM8K_DEV,296,47.64,1.2,0.0,0.0,0.0,0.0,151.5,151.5,0.0,d0163eaeaaa5da502a420488f6e9a30894e7a187
m1-dev-nt,dev,no-thinking,math_dev,MATH_DEV,482,40.87,3.6,0.0,0.0,0.0,0.0,493.9,493.9,0.0,d0163eaeaaa5da502a420488f6e9a30894e7a187
m1-dev-nt,dev,no-thinking,mmlu_pro_dev,MMLUPRO,999,27.33,1.3,0.0,0.0,0.0,0.0,174.6,174.6,0.0,d0163eaeaaa5da502a420488f6e9a30894e7a187
m1-dev-th,dev,thinking,arc_dev,ARC,299,69.82,0.0,,0.0,,,596.3,596.3,0.0,d0163eaeaaa5da502a420488f6e9a30894e7a187
m1-dev-th,dev,thinking,gsm8k_dev,GSM8K_DEV,296,76.18,0.3,0.0,0.0,0.0,,930.9,930.9,0.0,d0163eaeaaa5da502a420488f6e9a30894e7a187
m1-dev-th,dev,thinking,math_dev,MATH_DEV,482,68.98,2.3,0.0,0.0,0.0,0.0,4269.8,4269.8,5.0,d0163eaeaaa5da502a420488f6e9a30894e7a187
m1-dev-th,dev,thinking,mmlu_pro_dev,MMLUPRO,999,37.64,0.5,0.0,0.0,0.0,,2864.8,2864.8,0.4,d0163eaeaaa5da502a420488f6e9a30894e7a187
m1-ifeval-nt,frozen,no-thinking,ifeval,IFEVAL,541,46.58,2.0,0.0,0.0,0.0,0.0,231.1,231.1,0.2,d0163eaeaaa5da502a420488f6e9a30894e7a187
m1-ifeval-th,frozen,thinking,ifeval,IFEVAL,541,48.43,5.5,0.0,0.0,0.0,0.0,714.7,714.7,0.6,d0163eaeaaa5da502a420488f6e9a30894e7a187
m2-dev-mv,dev,multiverse,arc_dev,ARC,299,52.01,1.4,0.0,0.0,0.0,0.0,17.7,17.7,0.0,d0163eaeaaa5da502a420488f6e9a30894e7a187
m2-dev-mv,dev,multiverse,gsm8k_dev,GSM8K_DEV,296,51.6,57.5,0.0,0.0,0.0,0.0,211.0,211.0,0.0,d0163eaeaaa5da502a420488f6e9a30894e7a187
m2-dev-mv,dev,multiverse,math_dev,MATH_DEV,482,43.05,54.9,0.0,0.0,0.0,0.0,551.2,551.2,0.0,d0163eaeaaa5da502a420488f6e9a30894e7a187
m2-dev-mv,dev,multiverse,mmlu_pro_dev,MMLUPRO,999,27.13,35.4,0.0,0.0,0.0,0.0,244.6,244.6,0.0,d0163eaeaaa5da502a420488f6e9a30894e7a187
m2-dev-mvb,dev,multiverse-branch,arc_dev,ARC,299,52.17,1.4,41.2,0.59,41.2,38.9,18.2,17.9,0.5,88b31490bc42f088fc5de8f280411af0c47d353a
m2-dev-mvb,dev,multiverse-branch,gsm8k_dev,GSM8K_DEV,296,50.59,57.4,50.4,28.97,50.4,43.4,237.8,223.7,6.0,88b31490bc42f088fc5de8f280411af0c47d353a
m2-dev-mvb,dev,multiverse-branch,math_dev,MATH_DEV,482,43.67,55.1,37.3,20.54,37.3,27.9,600.4,588.0,12.7,88b31490bc42f088fc5de8f280411af0c47d353a
m2-dev-mvb,dev,multiverse-branch,mmlu_pro_dev,MMLUPRO,999,26.73,35.6,32.3,11.51,32.3,22.1,273.9,265.8,7.9,88b31490bc42f088fc5de8f280411af0c47d353a
m2-dev-nt,dev,no-thinking,arc_dev,ARC,299,52.68,0.0,,0.0,,,13.9,13.9,0.0,d0163eaeaaa5da502a420488f6e9a30894e7a187
m2-dev-nt,dev,no-thinking,gsm8k_dev,GSM8K_DEV,296,46.28,4.6,0.0,0.0,0.0,0.0,146.0,146.0,0.0,d0163eaeaaa5da502a420488f6e9a30894e7a187
m2-dev-nt,dev,no-thinking,math_dev,MATH_DEV,482,43.78,15.7,0.0,0.0,0.0,0.0,438.0,438.0,0.0,d0163eaeaaa5da502a420488f6e9a30894e7a187
m2-dev-nt,dev,no-thinking,mmlu_pro_dev,MMLUPRO,999,25.63,6.2,0.0,0.0,0.0,0.0,149.2,149.2,0.0,d0163eaeaaa5da502a420488f6e9a30894e7a187
m2-dev-th,dev,thinking,arc_dev,ARC,299,69.98,0.0,,0.0,,,630.4,630.4,0.0,d0163eaeaaa5da502a420488f6e9a30894e7a187
m2-dev-th,dev,thinking,gsm8k_dev,GSM8K_DEV,296,77.03,0.5,0.0,0.0,0.0,0.0,1013.1,1013.1,0.1,d0163eaeaaa5da502a420488f6e9a30894e7a187
m2-dev-th,dev,thinking,math_dev,MATH_DEV,482,69.92,8.1,0.0,0.0,0.0,0.0,4505.8,4505.8,5.7,d0163eaeaaa5da502a420488f6e9a30894e7a187
m2-dev-th,dev,thinking,mmlu_pro_dev,MMLUPRO,999,36.44,2.1,0.0,0.0,0.0,0.0,3105.5,3105.5,0.7,d0163eaeaaa5da502a420488f6e9a30894e7a187
m2-ifeval-nt,frozen,no-thinking,ifeval,IFEVAL,541,48.24,5.7,0.0,0.0,0.0,0.0,460.4,460.4,0.9,d0163eaeaaa5da502a420488f6e9a30894e7a187
m2-ifeval-th,frozen,thinking,ifeval,IFEVAL,541,48.43,8.3,0.0,0.0,0.0,0.0,865.5,865.5,0.4,d0163eaeaaa5da502a420488f6e9a30894e7a187
m2a-dev-mv,dev,multiverse,arc_dev,ARC,299,53.93,1.4,0.0,0.0,0.0,0.0,21.1,21.1,0.0,88b31490bc42f088fc5de8f280411af0c47d353a
m2a-dev-mv,dev,multiverse,gsm8k_dev,GSM8K_DEV,296,49.32,62.8,0.0,0.0,0.0,0.0,204.0,204.0,0.0,88b31490bc42f088fc5de8f280411af0c47d353a
m2a-dev-mv,dev,multiverse,math_dev,MATH_DEV,482,40.98,55.5,0.0,0.0,0.0,0.0,502.7,502.7,0.0,88b31490bc42f088fc5de8f280411af0c47d353a
m2a-dev-mv,dev,multiverse,mmlu_pro_dev,MMLUPRO,999,25.93,32.2,0.0,0.0,0.0,0.0,231.2,231.2,0.0,88b31490bc42f088fc5de8f280411af0c47d353a
m2a-dev-mvb,dev,multiverse-branch,arc_dev,ARC,299,53.68,1.4,17.6,0.25,17.6,15.8,21.6,21.5,0.5,88b31490bc42f088fc5de8f280411af0c47d353a
m2a-dev-mvb,dev,multiverse-branch,gsm8k_dev,GSM8K_DEV,296,47.47,62.8,59.3,37.25,59.3,52.1,230.3,213.1,4.5,88b31490bc42f088fc5de8f280411af0c47d353a
m2a-dev-mvb,dev,multiverse-branch,math_dev,MATH_DEV,482,40.56,55.6,41.6,23.13,41.6,31.8,546.4,532.1,11.8,88b31490bc42f088fc5de8f280411af0c47d353a
m2a-dev-mvb,dev,multiverse-branch,mmlu_pro_dev,MMLUPRO,999,25.93,31.9,38.6,12.31,38.6,29.9,239.9,231.5,6.2,88b31490bc42f088fc5de8f280411af0c47d353a
m2a-dev-nt,dev,no-thinking,arc_dev,ARC,299,53.09,0.0,,0.0,,,13.8,13.8,0.0,88b31490bc42f088fc5de8f280411af0c47d353a
m2a-dev-nt,dev,no-thinking,gsm8k_dev,GSM8K_DEV,296,48.4,5.0,0.0,0.0,0.0,0.0,156.0,156.0,0.1,88b31490bc42f088fc5de8f280411af0c47d353a
m2a-dev-nt,dev,no-thinking,math_dev,MATH_DEV,482,42.74,7.0,0.0,0.0,0.0,0.0,428.8,428.8,0.0,88b31490bc42f088fc5de8f280411af0c47d353a
m2a-dev-nt,dev,no-thinking,mmlu_pro_dev,MMLUPRO,999,27.03,5.3,0.0,0.0,0.0,0.0,146.0,146.0,0.0,88b31490bc42f088fc5de8f280411af0c47d353a
m2a-dev-th,dev,thinking,arc_dev,ARC,299,68.06,0.1,0.0,0.0,0.0,,609.1,609.1,0.0,88b31490bc42f088fc5de8f280411af0c47d353a
m2a-dev-th,dev,thinking,gsm8k_dev,GSM8K_DEV,296,77.53,0.3,0.0,0.0,0.0,0.0,935.5,935.5,0.0,88b31490bc42f088fc5de8f280411af0c47d353a
m2a-dev-th,dev,thinking,math_dev,MATH_DEV,482,68.05,3.5,0.0,0.0,0.0,0.0,4102.2,4102.2,4.5,88b31490bc42f088fc5de8f280411af0c47d353a
m2a-dev-th,dev,thinking,mmlu_pro_dev,MMLUPRO,999,36.04,1.1,0.0,0.0,0.0,0.0,2968.9,2968.9,1.1,88b31490bc42f088fc5de8f280411af0c47d353a
m2a-ifeval-nt,frozen,no-thinking,ifeval,IFEVAL,541,45.1,7.0,0.0,0.0,0.0,0.0,195.5,195.5,0.0,88b31490bc42f088fc5de8f280411af0c47d353a
m2a-ifeval-th,frozen,thinking,ifeval,IFEVAL,541,48.61,7.0,0.0,0.0,0.0,0.0,773.9,773.9,0.2,88b31490bc42f088fc5de8f280411af0c47d353a
p06-dev-mv-v2,dev,multiverse,arc_dev,ARC,299,44.23,4.3,0.0,0.0,0.0,0.0,85.6,85.6,0.0,fc5f3ba5baa6fa2cd281b41e3c9a98e4b4315e20
p06-dev-mv-v2,dev,multiverse,gsm8k_dev,GSM8K_DEV,296,21.54,5.6,0.0,0.0,0.0,0.0,181.0,181.0,0.0,fc5f3ba5baa6fa2cd281b41e3c9a98e4b4315e20
p06-dev-mv-v2,dev,multiverse,math_dev,MATH_DEV,482,32.99,2.5,0.0,0.0,0.0,0.0,414.2,414.2,0.0,fc5f3ba5baa6fa2cd281b41e3c9a98e4b4315e20
p06-dev-mv-v2,dev,multiverse,mmlu_pro_dev,MMLUPRO,999,22.02,3.4,0.0,0.0,0.0,0.0,211.7,211.7,0.0,fc5f3ba5baa6fa2cd281b41e3c9a98e4b4315e20
p06-dev-mvb,dev,multiverse-branch,arc_dev,ARC,299,43.73,6.2,0.0,0.0,0.0,0.0,121.1,121.1,0.0,88b31490bc42f088fc5de8f280411af0c47d353a
p06-dev-mvb,dev,multiverse-branch,gsm8k_dev,GSM8K_DEV,296,23.48,5.5,0.0,0.0,0.0,0.0,214.2,214.2,0.0,88b31490bc42f088fc5de8f280411af0c47d353a
p06-dev-mvb,dev,multiverse-branch,math_dev,MATH_DEV,482,31.64,2.3,0.0,0.0,0.0,0.0,416.2,416.2,0.0,88b31490bc42f088fc5de8f280411af0c47d353a
p06-dev-mvb,dev,multiverse-branch,mmlu_pro_dev,MMLUPRO,999,21.82,4.0,0.0,0.0,0.0,0.0,226.2,226.2,0.0,88b31490bc42f088fc5de8f280411af0c47d353a
p06-dev-nt,dev,no-thinking,arc_dev,ARC,299,48.66,0.0,,0.0,,,17.6,17.6,0.0,fbc56686e07dda25efe73afe0e1fd0ba2f817a8c
p06-dev-nt,dev,no-thinking,gsm8k_dev,GSM8K_DEV,296,42.65,0.0,,0.0,,,151.9,151.9,0.0,fbc56686e07dda25efe73afe0e1fd0ba2f817a8c
p06-dev-nt,dev,no-thinking,math_dev,MATH_DEV,482,35.68,0.1,0.0,0.0,0.0,,404.3,404.3,0.0,fbc56686e07dda25efe73afe0e1fd0ba2f817a8c
p06-dev-nt,dev,no-thinking,mmlu_pro_dev,MMLUPRO,999,23.52,0.0,,0.0,,,109.7,109.7,0.0,fbc56686e07dda25efe73afe0e1fd0ba2f817a8c
p06-dev-th,dev,thinking,arc_dev,ARC,299,67.98,0.0,,0.0,,,661.3,661.3,0.0,fbc56686e07dda25efe73afe0e1fd0ba2f817a8c
p06-dev-th,dev,thinking,gsm8k_dev,GSM8K_DEV,296,73.73,0.0,,0.0,,,1197.1,1197.1,0.0,fbc56686e07dda25efe73afe0e1fd0ba2f817a8c
p06-dev-th,dev,thinking,math_dev,MATH_DEV,482,69.29,0.2,0.0,0.0,0.0,,4765.1,4765.1,5.4,fbc56686e07dda25efe73afe0e1fd0ba2f817a8c
p06-dev-th,dev,thinking,mmlu_pro_dev,MMLUPRO,999,33.53,0.0,,0.0,,,3202.8,3202.8,0.8,fbc56686e07dda25efe73afe0e1fd0ba2f817a8c
p06-ifeval-nt,frozen,no-thinking,ifeval,IFEVAL,541,51.76,0.9,0.0,0.0,0.0,,229.1,229.1,0.4,fbc56686e07dda25efe73afe0e1fd0ba2f817a8c
p06-ifeval-th,frozen,thinking,ifeval,IFEVAL,541,54.53,2.4,0.0,0.0,0.0,,717.0,717.0,0.4,fbc56686e07dda25efe73afe0e1fd0ba2f817a8c
