run,model,mode,budget,temperature,bench,problems,rollouts_per_problem,main,main_metric,strict_authors,robust_minus_strict,pass_k_robust,ifeval_prompt_loose,ifeval_inst_strict,with_parallel,valid_tagged,truncated,no_final_answer,mean_chars,mean_tokens,se_indep,se_cluster
greedy-ifeval/base,base,greedy-plain,3k,0.0,IFEVAL,541,1,39.37,prompt_strict,,,,44.36,51.2,0.0,,31.4,,4642,,2.1,2.1
greedy-ifeval/qwen3-4b-nothinking,qwen3-4b,greedy-nothinking,3k,0.0,IFEVAL,541,1,79.67,prompt_strict,,,,83.55,86.91,0.0,,1.8,,1568,,1.73,1.73
greedy-ifeval/rl200,rl200,greedy-plain,3k,0.0,IFEVAL,541,1,34.94,prompt_strict,,,,39.19,48.61,0.0,0.0,1.7,,1721,,2.05,2.05
greedy-ifeval/sft,sft,greedy-plain,3k,0.0,IFEVAL,541,1,36.6,prompt_strict,,,,40.11,48.86,0.0,0.0,5.0,,1836,,2.07,2.07
parallel-base-16k,base,parallel,16k,1.0,AIME24,30,16,2.92,accuracy_robust,0.21,2.71,23.33,,,20.2,2.2,,42.1,8040,2504.1,0.77,3.07
parallel-base-16k,base,parallel,16k,1.0,AIME25,30,16,2.08,accuracy_robust,0.21,1.87,16.67,,,16.7,0.6,,46.7,7240,2177.2,0.65,2.61
parallel-base-16k,base,parallel,16k,1.0,AMC23,40,16,18.12,accuracy_robust,2.03,16.09,72.5,,,17.0,0.5,,42.3,7326,2224.0,1.52,6.09
parallel-base-16k,base,parallel,16k,1.0,MATH300,316,1,31.65,accuracy_robust,9.49,22.16,31.65,,,14.6,0.0,,39.2,5124,1735.4,2.62,2.62
parallel-base-16k,base,parallel,16k,1.0,ARC,1172,1,38.05,accuracy_robust,34.39,3.66,38.05,,,19.8,0.0,,45.1,9238,2276.8,1.42,1.42
parallel-base-16k,base,parallel,16k,1.0,IFEVAL,541,1,25.14,prompt_strict,,,,26.99,36.41,24.6,0.0,,,11271,3046.7,1.87,1.87
parallel-base-16k,base,parallel,16k,1.0,LIMO,817,4,7.71,accuracy_robust,0.95,6.76,21.3,,,15.5,0.1,,45.3,6399,,0.47,0.93
parallel-base-16k,base,parallel,16k,1.0,MMLUPRO,2000,1,17.15,accuracy_robust,15.75,1.4,17.15,,,22.4,0.2,,45.0,9060,,0.84,0.84
parallel-base-3k,base,parallel,3k,1.0,AIME24,30,16,3.33,accuracy_robust,0.62,2.71,23.33,,,16.5,0.6,,48.5,4573,1439.1,0.82,3.28
parallel-base-3k,base,parallel,3k,1.0,AIME25,30,16,3.96,accuracy_robust,0.0,3.96,23.33,,,14.6,0.0,,50.8,3995,1248.7,0.89,3.56
parallel-base-3k,base,parallel,3k,1.0,AMC23,40,16,17.03,accuracy_robust,2.81,14.22,75.0,,,15.5,0.0,,46.6,3978,1258.1,1.49,5.94
parallel-base-3k,base,parallel,3k,1.0,MATH300,316,1,31.65,accuracy_robust,7.28,24.37,31.65,,,18.4,0.8,,42.1,3587,1164.6,2.62,2.62
parallel-base-3k,base,parallel,3k,1.0,ARC,1172,1,34.9,accuracy_robust,31.66,3.24,34.9,,,18.9,0.0,,46.8,4365,1070.5,1.39,1.39
parallel-base-3k,base,parallel,3k,1.0,IFEVAL,541,1,24.95,prompt_strict,,,,26.8,36.63,23.8,0.0,,,5490,1359.5,1.86,1.86
parallel-base-3k,base,parallel,3k,1.0,LIMO,817,4,7.37,accuracy_robust,0.92,6.45,21.42,,,15.0,0.0,,48.6,4235,1360.3,0.46,0.91
parallel-base-3k,base,parallel,3k,1.0,MMLUPRO,2000,1,17.2,accuracy_robust,15.15,2.05,17.2,,,20.8,0.2,,48.5,4542,1195.6,0.84,0.84
parallel-rl200-16k,rl200,parallel,16k,1.0,AIME24,30,16,17.08,accuracy_robust,8.54,8.54,36.67,,,65.2,96.8,,0.4,5321,1980.7,1.72,6.87
parallel-rl200-16k,rl200,parallel,16k,1.0,AIME25,30,16,17.08,accuracy_robust,8.96,8.12,40.0,,,61.9,96.0,,1.0,4786,1734.9,1.72,6.87
parallel-rl200-16k,rl200,parallel,16k,1.0,AMC23,40,16,65.31,accuracy_robust,39.84,25.47,90.0,,,84.1,96.3,,0.0,4065,1516.6,1.88,7.53
parallel-rl200-16k,rl200,parallel,16k,1.0,MATH300,316,1,82.28,accuracy_robust,39.87,42.41,82.28,,,96.2,98.7,,0.6,2914,1031.6,2.15,2.15
parallel-rl200-16k,rl200,parallel,16k,1.0,ARC,1172,1,82.85,accuracy_robust,12.97,69.88,82.85,,,98.9,95.6,,0.0,2823,553.8,1.1,1.1
parallel-rl200-16k,rl200,parallel,16k,1.0,IFEVAL,541,1,19.04,prompt_strict,,,,20.89,29.08,97.2,92.1,,,3044,619.1,1.69,1.69
parallel-rl200-16k,rl200,parallel,16k,1.0,LIMO,817,4,37.42,accuracy_robust,20.87,16.55,54.59,,,69.3,95.7,,0.5,4938,1937.9,0.85,1.69
parallel-rl200-16k,rl200,parallel,16k,1.0,MMLUPRO,2000,1,40.35,accuracy_robust,20.2,20.15,40.35,,,92.2,95.3,,0.2,3642,963.8,1.1,1.1
parallel-rl200-3k,rl200,parallel,3k,1.0,AIME24,30,16,17.5,accuracy_robust,8.96,8.54,50.0,,,63.1,91.3,,14.6,4964,1847.1,1.73,6.94
parallel-rl200-3k,rl200,parallel,3k,1.0,AIME25,30,16,15.62,accuracy_robust,9.58,6.04,40.0,,,58.8,92.3,,5.0,4646,1662.6,1.66,6.63
parallel-rl200-3k,rl200,parallel,3k,1.0,AMC23,40,16,62.34,accuracy_robust,36.09,26.25,92.5,,,83.9,94.9,,4.4,3942,1460.7,1.92,7.66
parallel-rl200-3k,rl200,parallel,3k,1.0,MATH300,316,1,81.96,accuracy_robust,44.94,37.02,81.96,,,94.6,94.1,,0.9,2869,998.9,2.16,2.16
parallel-rl200-3k,rl200,parallel,3k,1.0,ARC,1172,1,82.68,accuracy_robust,12.54,70.14,82.68,,,99.1,96.9,,0.1,2834,555.7,1.11,1.11
parallel-rl200-3k,rl200,parallel,3k,1.0,IFEVAL,541,1,17.38,prompt_strict,,,,20.33,27.6,97.2,86.3,,,3065,639.0,1.63,1.63
parallel-rl200-3k,rl200,parallel,3k,1.0,LIMO,817,4,36.41,accuracy_robust,20.1,16.31,53.98,,,67.2,93.8,,10.8,4704,1824.6,0.84,1.68
parallel-rl200-3k,rl200,parallel,3k,1.0,MMLUPRO,2000,1,39.65,accuracy_robust,19.2,20.45,39.65,,,92.6,95.8,,1.1,3633,959.4,1.09,1.09
parallel-sft-16k,sft,parallel,16k,1.0,AIME24,30,16,9.17,accuracy_robust,9.17,0.0,33.33,,,94.4,87.3,,4.6,5270,1819.9,1.32,5.27
parallel-sft-16k,sft,parallel,16k,1.0,AIME25,30,16,6.88,accuracy_robust,6.88,0.0,26.67,,,94.4,87.8,,1.5,3825,1217.6,1.16,4.62
parallel-sft-16k,sft,parallel,16k,1.0,AMC23,40,16,39.69,accuracy_robust,39.06,0.63,75.0,,,97.7,88.2,,1.1,3293,1102.5,1.93,7.74
parallel-sft-16k,sft,parallel,16k,1.0,MATH300,316,1,74.37,accuracy_robust,73.73,0.64,74.37,,,99.4,91.7,,0.0,2381,751.9,2.46,2.46
parallel-sft-16k,sft,parallel,16k,1.0,ARC,1172,1,87.2,accuracy_robust,86.77,0.43,87.2,,,99.7,88.3,,0.8,2274,427.7,0.98,0.98
parallel-sft-16k,sft,parallel,16k,1.0,IFEVAL,541,1,11.65,prompt_strict,,,,14.23,21.07,98.9,85.1,,,2384,476.6,1.38,1.38
parallel-sft-16k,sft,parallel,16k,1.0,LIMO,817,4,18.73,accuracy_robust,18.39,0.34,37.33,,,94.9,88.3,,2.1,4298,1539.0,0.68,1.36
parallel-sft-16k,sft,parallel,16k,1.0,MMLUPRO,2000,1,45.7,accuracy_robust,44.65,1.05,45.7,,,98.7,88.1,,1.2,2767,688.4,1.11,1.11
parallel-sft-3k,sft,parallel,3k,1.0,AIME24,30,16,7.5,accuracy_robust,6.88,0.62,33.33,,,96.7,87.1,,10.2,3807,1253.4,1.2,4.81
parallel-sft-3k,sft,parallel,3k,1.0,AIME25,30,16,5.21,accuracy_robust,5.0,0.21,20.0,,,92.9,87.1,,4.0,3359,1059.8,1.01,4.06
parallel-sft-3k,sft,parallel,3k,1.0,AMC23,40,16,44.38,accuracy_robust,43.91,0.47,82.5,,,97.2,87.8,,2.7,2903,941.0,1.96,7.86
parallel-sft-3k,sft,parallel,3k,1.0,MATH300,316,1,67.41,accuracy_robust,67.41,0.0,67.41,,,99.1,91.1,,1.6,2427,767.8,2.64,2.64
parallel-sft-3k,sft,parallel,3k,1.0,ARC,1172,1,85.92,accuracy_robust,85.15,0.77,85.92,,,99.8,87.4,,0.3,2252,423.3,1.02,1.02
parallel-sft-3k,sft,parallel,3k,1.0,IFEVAL,541,1,13.49,prompt_strict,,,,15.71,22.46,97.0,86.4,,,2400,463.2,1.47,1.47
parallel-sft-3k,sft,parallel,3k,1.0,LIMO,817,4,17.63,accuracy_robust,17.29,0.34,35.13,,,94.9,89.0,,8.5,3476,1186.7,0.67,1.33
parallel-sft-3k,sft,parallel,3k,1.0,MMLUPRO,2000,1,46.55,accuracy_robust,45.1,1.45,46.55,,,98.6,86.5,,2.2,2626,635.2,1.12,1.12
plain-base-16k,base,plain,16k,1.0,AIME24,30,16,0.83,accuracy_robust,0.21,0.62,6.67,,,0.0,0.0,1.0,31.9,4173,1227.6,0.41,1.66
plain-base-16k,base,plain,16k,1.0,AIME25,30,16,3.33,accuracy_robust,3.33,0.0,3.33,,,0.0,,2.1,28.5,3415,1315.8,0.82,3.28
plain-base-16k,base,plain,16k,1.0,AMC23,40,16,7.5,accuracy_robust,5.0,2.5,7.5,,,0.0,0.0,0.3,17.5,2718,809.4,1.04,4.16
plain-base-16k,base,plain,16k,1.0,MATH300,316,1,17.09,accuracy_robust,11.71,5.38,17.09,,,0.0,0.0,2.2,23.7,3307,1133.1,2.12,2.12
plain-base-16k,base,plain,16k,1.0,ARC,1172,1,48.98,accuracy_robust,46.42,2.56,48.98,,,0.1,0.0,2.0,29.5,3819,966.1,1.46,1.46
plain-base-16k,base,plain,16k,1.0,IFEVAL,541,1,22.37,prompt_strict,,,,26.25,34.26,0.0,0.0,6.5,,7234,2092.1,1.79,1.79
plain-base-16k,base,plain,16k,1.0,LIMO,817,4,1.93,accuracy_robust,1.07,0.86,2.94,,,0.0,0.0,1.4,25.2,3724,1013.3,0.24,0.48
plain-base-16k,base,plain,16k,1.0,MMLUPRO,2000,1,20.8,accuracy_robust,19.8,1.0,20.8,,,0.0,0.0,1.1,31.6,2873,833.8,0.91,0.91
plain-base-3k,base,plain,3k,1.0,AIME24,30,16,0.62,accuracy_robust,0.0,0.62,3.33,,,0.2,0.0,14.6,34.6,3427,1002.0,0.36,1.43
plain-base-3k,base,plain,3k,1.0,AIME25,30,16,0.0,accuracy_robust,0.0,0.0,0.0,,,0.0,,3.3,40.0,2140,569.9,0.0,0.0
plain-base-3k,base,plain,3k,1.0,AMC23,40,16,6.72,accuracy_robust,6.72,0.0,7.5,,,0.0,0.0,8.8,30.0,2223,725.7,0.99,3.96
plain-base-3k,base,plain,3k,1.0,MATH300,316,1,18.67,accuracy_robust,11.71,6.96,18.67,,,0.0,0.0,3.8,22.8,1583,504.9,2.19,2.19
plain-base-3k,base,plain,3k,1.0,ARC,1172,1,45.65,accuracy_robust,43.09,2.56,45.65,,,0.0,0.0,6.7,31.7,2109,511.4,1.45,1.45
plain-base-3k,base,plain,3k,1.0,IFEVAL,541,1,21.63,prompt_strict,,,,25.51,33.61,0.0,0.0,15.0,,3336,873.3,1.77,1.77
plain-base-3k,base,plain,3k,1.0,LIMO,817,4,2.2,accuracy_robust,1.56,0.64,2.69,,,0.0,0.0,5.2,25.3,2230,666.7,0.26,0.51
plain-base-3k,base,plain,3k,1.0,MMLUPRO,2000,1,20.2,accuracy_robust,19.0,1.2,20.2,,,0.0,0.0,3.9,31.7,1761,472.7,0.9,0.9
plain-rl200-16k,rl200,plain,16k,1.0,AIME24,30,16,18.96,accuracy_robust,18.96,0.0,36.67,,,0.0,,0.0,0.8,3883,1571.0,1.79,7.16
plain-rl200-16k,rl200,plain,16k,1.0,AIME25,30,16,19.17,accuracy_robust,19.17,0.0,20.0,,,0.0,,0.0,0.8,3256,1249.9,1.8,7.19
plain-rl200-16k,rl200,plain,16k,1.0,AMC23,40,16,64.53,accuracy_robust,64.53,0.0,80.0,,,0.0,,0.0,0.2,2418,1001.9,1.89,7.56
plain-rl200-16k,rl200,plain,16k,1.0,MATH300,316,1,82.91,accuracy_robust,82.91,0.0,82.91,,,0.0,,0.0,0.0,1596,637.2,2.12,2.12
plain-rl200-16k,rl200,plain,16k,1.0,ARC,1172,1,86.26,accuracy_robust,25.43,60.83,86.26,,,0.0,0.0,0.0,0.1,1363,283.0,1.01,1.01
plain-rl200-16k,rl200,plain,16k,1.0,IFEVAL,541,1,31.24,prompt_strict,,,,34.94,42.76,0.0,0.0,0.0,,1699,399.0,1.99,1.99
plain-rl200-16k,rl200,plain,16k,1.0,LIMO,817,4,35.37,accuracy_robust,35.22,0.15,42.23,,,0.0,0.0,0.0,0.6,3638,1527.0,0.84,1.67
plain-rl200-16k,rl200,plain,16k,1.0,MMLUPRO,2000,1,37.6,accuracy_robust,9.9,27.7,37.6,,,0.1,0.0,0.0,0.4,2080,612.3,1.08,1.08
plain-rl200-3k,rl200,plain,3k,1.0,AIME24,30,16,15.62,accuracy_robust,15.62,0.0,36.67,,,0.0,,6.9,7.1,3740,1446.1,1.66,6.63
plain-rl200-3k,rl200,plain,3k,1.0,AIME25,30,16,13.75,accuracy_robust,13.75,0.0,16.67,,,0.0,,4.0,4.0,3234,1231.4,1.57,6.29
plain-rl200-3k,rl200,plain,3k,1.0,AMC23,40,16,65.16,accuracy_robust,65.16,0.0,77.5,,,0.0,,1.2,1.2,2530,1040.3,1.88,7.53
plain-rl200-3k,rl200,plain,3k,1.0,MATH300,316,1,81.96,accuracy_robust,81.96,0.0,81.96,,,0.0,,0.3,0.3,1596,640.2,2.16,2.16
plain-rl200-3k,rl200,plain,3k,1.0,ARC,1172,1,85.92,accuracy_robust,25.43,60.49,85.92,,,0.0,0.0,0.0,0.2,1352,280.8,1.02,1.02
plain-rl200-3k,rl200,plain,3k,1.0,IFEVAL,541,1,31.79,prompt_strict,,,,36.41,44.67,0.2,0.0,0.6,,1636,374.4,2.0,2.0
plain-rl200-3k,rl200,plain,3k,1.0,LIMO,817,4,36.14,accuracy_robust,36.05,0.09,43.45,,,0.0,0.0,5.7,5.8,3460,1433.5,0.84,1.68
plain-rl200-3k,rl200,plain,3k,1.0,MMLUPRO,2000,1,36.85,accuracy_robust,10.15,26.7,36.85,,,0.2,0.0,0.4,1.0,2061,606.7,1.08,1.08
plain-sft-16k,sft,plain,16k,1.0,AIME24,30,16,6.04,accuracy_robust,6.04,0.0,20.0,,,0.0,,1.2,4.2,3816,1523.6,1.09,4.35
plain-sft-16k,sft,plain,16k,1.0,AIME25,30,16,6.04,accuracy_robust,6.04,0.0,16.67,,,0.0,,0.4,1.5,2529,967.2,1.09,4.35
plain-sft-16k,sft,plain,16k,1.0,AMC23,40,16,49.69,accuracy_robust,49.69,0.0,57.5,,,0.0,0.0,0.5,0.5,1797,712.7,1.98,7.91
plain-sft-16k,sft,plain,16k,1.0,MATH300,316,1,73.42,accuracy_robust,73.1,0.32,73.42,,,0.0,,0.0,0.3,1224,477.6,2.49,2.49
plain-sft-16k,sft,plain,16k,1.0,ARC,1172,1,87.54,accuracy_robust,85.92,1.62,87.54,,,0.0,,0.0,1.7,638,132.0,0.96,0.96
plain-sft-16k,sft,plain,16k,1.0,IFEVAL,541,1,30.68,prompt_strict,,,,34.94,44.09,0.0,0.0,0.0,,1473,337.7,1.98,1.98
plain-sft-16k,sft,plain,16k,1.0,LIMO,817,4,21.54,accuracy_robust,21.42,0.12,26.32,,,0.2,0.0,0.8,2.8,3333,1325.2,0.72,1.44
plain-sft-16k,sft,plain,16k,1.0,MMLUPRO,2000,1,46.5,accuracy_robust,42.55,3.95,46.5,,,0.0,0.0,0.4,2.6,1355,430.4,1.12,1.12
plain-sft-3k,sft,plain,3k,1.0,AIME24,30,16,4.17,accuracy_robust,4.17,0.0,23.33,,,0.0,,7.7,8.3,2630,978.1,0.91,3.65
plain-sft-3k,sft,plain,3k,1.0,AIME25,30,16,3.12,accuracy_robust,3.12,0.0,3.33,,,0.0,,11.5,11.5,2872,1037.1,0.79,3.17
plain-sft-3k,sft,plain,3k,1.0,AMC23,40,16,48.91,accuracy_robust,48.91,0.0,57.5,,,0.0,0.0,0.5,0.5,1715,644.4,1.98,7.9
plain-sft-3k,sft,plain,3k,1.0,MATH300,316,1,73.42,accuracy_robust,73.1,0.32,73.42,,,0.0,,0.3,0.6,1241,481.0,2.49,2.49
plain-sft-3k,sft,plain,3k,1.0,ARC,1172,1,88.05,accuracy_robust,86.35,1.7,88.05,,,0.0,,0.0,1.7,635,131.4,0.95,0.95
plain-sft-3k,sft,plain,3k,1.0,IFEVAL,541,1,30.68,prompt_strict,,,,34.75,44.09,0.0,0.0,0.6,,1421,324.8,1.98,1.98
plain-sft-3k,sft,plain,3k,1.0,LIMO,817,4,21.91,accuracy_robust,21.7,0.21,26.07,,,0.1,0.0,6.9,7.4,2501,983.9,0.72,1.45
plain-sft-3k,sft,plain,3k,1.0,MMLUPRO,2000,1,46.0,accuracy_robust,42.0,4.0,46.0,,,0.0,0.0,1.6,3.7,1133,354.0,1.11,1.11
qwen3-4b-nothinking-16k,qwen3-4b,nothinking,16k,1.0,AIME24,30,16,16.04,accuracy_robust,1.67,14.37,36.67,,,0.0,,0.0,0.2,6171,2396.8,1.68,6.7
qwen3-4b-nothinking-16k,qwen3-4b,nothinking,16k,1.0,AIME25,30,16,23.54,accuracy_robust,4.38,19.16,30.0,,,0.0,,0.0,0.2,6260,2326.5,1.94,7.75
qwen3-4b-nothinking-16k,qwen3-4b,nothinking,16k,1.0,AMC23,40,16,62.5,accuracy_robust,10.47,52.03,85.0,,,0.0,,0.0,0.2,3723,1483.3,1.91,7.65
qwen3-4b-nothinking-16k,qwen3-4b,nothinking,16k,1.0,MATH300,316,1,80.7,accuracy_robust,24.05,56.65,80.7,,,0.0,,0.0,0.0,1696,675.3,2.22,2.22
qwen3-4b-nothinking-16k,qwen3-4b,nothinking,16k,1.0,ARC,1172,1,90.27,accuracy_robust,90.27,0.0,90.27,,,0.0,,0.0,0.0,1138,252.0,0.87,0.87
qwen3-4b-nothinking-16k,qwen3-4b,nothinking,16k,1.0,IFEVAL,541,1,79.85,prompt_strict,,,,82.81,86.63,0.0,,0.6,,1750,442.6,1.72,1.72
qwen3-4b-nothinking-16k,qwen3-4b,nothinking,16k,1.0,LIMO,817,4,35.77,accuracy_robust,5.66,30.11,47.12,,,0.0,,0.0,0.5,5675,2302.4,0.84,1.68
qwen3-4b-nothinking-16k,qwen3-4b,nothinking,16k,1.0,MMLUPRO,2000,1,57.9,accuracy_robust,57.7,0.2,57.9,,,0.0,,0.0,0.0,2139,649.1,1.1,1.1
qwen3-4b-nothinking-3k,qwen3-4b,nothinking,3k,1.0,AIME24,30,16,19.17,accuracy_robust,3.96,15.21,30.0,,,0.0,,30.2,29.0,5406,2060.5,1.8,7.19
qwen3-4b-nothinking-3k,qwen3-4b,nothinking,3k,1.0,AIME25,30,16,18.12,accuracy_robust,4.79,13.33,30.0,,,0.0,,21.9,21.5,5502,2027.8,1.76,7.03
qwen3-4b-nothinking-3k,qwen3-4b,nothinking,3k,1.0,AMC23,40,16,59.53,accuracy_robust,14.06,45.47,77.5,,,0.0,,12.0,11.9,3403,1367.1,1.94,7.76
qwen3-4b-nothinking-3k,qwen3-4b,nothinking,3k,1.0,MATH300,316,1,81.65,accuracy_robust,23.1,58.55,81.65,,,0.0,,2.5,2.5,1729,685.1,2.18,2.18
qwen3-4b-nothinking-3k,qwen3-4b,nothinking,3k,1.0,ARC,1172,1,90.7,accuracy_robust,90.7,0.0,90.7,,,0.0,,0.0,0.0,1137,251.5,0.85,0.85
qwen3-4b-nothinking-3k,qwen3-4b,nothinking,3k,1.0,IFEVAL,541,1,80.41,prompt_strict,,,,82.99,86.48,0.0,,0.6,,1544,370.7,1.71,1.71
qwen3-4b-nothinking-3k,qwen3-4b,nothinking,3k,1.0,LIMO,817,4,35.19,accuracy_robust,5.39,29.8,43.57,,,0.0,,25.3,25.2,4912,1960.6,0.84,1.67
qwen3-4b-nothinking-3k,qwen3-4b,nothinking,3k,1.0,MMLUPRO,2000,1,57.3,accuracy_robust,57.0,0.3,57.3,,,0.0,,1.1,1.0,2146,648.7,1.11,1.11
qwen3-4b-thinking-16k,qwen3-4b,thinking,16k,1.0,AIME24,30,16,58.54,accuracy_robust,0.0,58.54,76.67,,,0.0,,35.0,83.1,33601,,2.25,8.99
qwen3-4b-thinking-16k,qwen3-4b,thinking,16k,1.0,AIME25,30,16,49.58,accuracy_robust,0.62,48.96,70.0,,,0.0,,47.7,86.2,37324,,2.28,9.13
qwen3-4b-thinking-16k,qwen3-4b,thinking,16k,1.0,AMC23,40,16,91.09,accuracy_robust,4.38,86.71,100.0,,,0.0,,8.0,63.1,19412,,1.13,4.5
qwen3-4b-thinking-16k,qwen3-4b,thinking,16k,1.0,MATH300,316,1,91.46,accuracy_robust,14.24,77.22,91.46,,,0.0,,1.6,46.5,10679,,1.57,1.57
qwen3-4b-thinking-16k,qwen3-4b,thinking,16k,1.0,ARC,1172,1,93.86,accuracy_robust,93.86,0.0,93.86,,,0.0,,0.0,0.0,3838,,0.7,0.7
qwen3-4b-thinking-16k,qwen3-4b,thinking,16k,1.0,IFEVAL,541,1,81.52,prompt_strict,,,,84.84,87.55,0.0,,0.0,,4563,,1.67,1.67
qwen3-4b-thinking-16k,qwen3-4b,thinking,16k,1.0,LIMO,817,4,79.44,accuracy_robust,1.07,78.37,88.74,,,0.0,,18.0,77.7,27193,,0.71,1.41
qwen3-4b-thinking-16k,qwen3-4b,thinking,16k,1.0,MMLUPRO,2000,1,53.55,accuracy_robust,52.9,0.65,53.55,,,0.0,,2.6,5.1,12679,,1.12,1.12
qwen3-4b-thinking-3k,qwen3-4b,thinking,3k,1.0,AIME24,30,16,0.0,accuracy_robust,0.0,0.0,0.0,,,0.0,,100.0,100.0,9369,3000.0,0.0,0.0
qwen3-4b-thinking-3k,qwen3-4b,thinking,3k,1.0,AIME25,30,16,1.67,accuracy_robust,0.21,1.46,3.33,,,0.0,,98.3,96.0,9435,2994.9,0.58,2.34
qwen3-4b-thinking-3k,qwen3-4b,thinking,3k,1.0,AMC23,40,16,24.84,accuracy_robust,4.06,20.78,30.0,,,0.0,,75.2,85.0,8048,2762.0,1.71,6.83
qwen3-4b-thinking-3k,qwen3-4b,thinking,3k,1.0,MATH300,316,1,57.28,accuracy_robust,9.81,47.47,57.28,,,0.0,,40.5,57.0,6578,2243.9,2.78,2.78
qwen3-4b-thinking-3k,qwen3-4b,thinking,3k,1.0,ARC,1172,1,92.41,accuracy_robust,91.72,0.69,92.41,,,0.0,,2.3,2.3,3752,820.2,0.77,0.77
qwen3-4b-thinking-3k,qwen3-4b,thinking,3k,1.0,IFEVAL,541,1,80.96,prompt_strict,,,,84.84,86.57,0.0,,3.9,,4452,1067.7,1.69,1.69
qwen3-4b-thinking-3k,qwen3-4b,thinking,3k,1.0,LIMO,817,4,3.73,accuracy_robust,0.06,3.67,6.24,,,0.0,,96.5,98.2,8838,2985.3,0.33,0.66
qwen3-4b-thinking-3k,qwen3-4b,thinking,3k,1.0,MMLUPRO,2000,1,48.35,accuracy_robust,41.45,6.9,48.35,,,0.0,,38.9,38.6,7720,2041.0,1.12,1.12
